Time_sec,Chi_0.4_Underdamped,Chi_1.0_Critical,Chi_2.0_Overdamped
0.0,0.0,0.0,0.0
0.01002004008016032,0.00976543403465247,0.009408648571296538,0.008852081364650271
0.02004008016032064,0.019013465030299388,0.017669124520456818,0.01570247011674234
0.03006012024048096,0.027733770615382267,0.02488651470136586,0.02097279529657773
0.04008016032064128,0.03591857469978897,0.03115735653967695,0.024996355899849863
0.0501002004008016,0.04356255245308384,0.03657029010702795,0.028036617774793895
0.06012024048096192,0.050662730477840937,0.04120666245022244,0.030301837279954228
0.07014028056112225,0.057218382799845646,0.045141087574170444,0.03195662275438393
0.08016032064128256,0.06323092328255432,0.04844196524037344,0.033131075018822634
0.09018036072144288,0.0687037950571849,0.0511719615219979,0.033928013856011845
0.1002004008016032,0.07364235754229603,0.053388453851006476,0.034428691263974874
0.11022044088176353,0.07805377160783995,0.05514394310137958,0.03469730835034527
0.12024048096192384,0.08194688341858405,0.05648643507419996,0.034784586384032645
0.13026052104208416,0.08533210747062657,0.0574597935843955,0.03473059006270559
0.1402805611222445,0.08822130931261524,0.058104067194404765,0.034566959581363056
0.1503006012024048,0.09062768842034978,0.05845579149616759,0.03431867529849768
0.16032064128256512,0.0925656616698349,0.05854826870892125,0.034005452873513746
0.17034068136272545,0.09405074782967679,0.05841182623562599,0.03364284625443404
0.18036072144288576,0.09509945346910328,0.058074055704818155,0.03324311969185113
0.1903807615230461,0.09572916065295312,0.05756003391670631,0.03281593714490533
0.2004008016032064,0.09595801676983338,0.05689252701183692,0.032368907317332746
0.21042084168336672,0.0958048268143978,0.056092179087146414,0.03190801455462455
0.22044088176352705,0.09528894841944857,0.05517768639721186,0.03143795950299265
0.23046092184368736,0.09443018990841563,0.0541659581975635,0.030962428426057877
0.24048096192384769,0.0932487116138049,0.05307226521161707,0.030484306118392604
0.250501002004008,0.09176493068252485,0.05191037663273276,0.030005844226811077
0.2605210420841683,0.08999942956467437,0.050692686507751,0.0295287943171116
0.27054108216432865,0.08797286835848638,0.04943033028775684,0.029054513068668613
0.280561122244489,0.08570590116073745,0.04813329227546915,0.028584045433405123
0.2905811623246493,0.08321909654912107,0.04681050464624854,0.028118190373511216
0.3006012024048096,0.08053286230090355,0.04546993867099377,0.027657552826029764
0.3106212424849699,0.07766737443068523,0.044118688723898444,0.027202584778515792
0.32064128256513025,0.07464251060933362,0.04276304961593028,0.026753617736024925
0.3306613226452906,0.07147778800617509,0.04140858775575422,0.026310888382200956
0.3406813627254509,0.06819230557737244,0.04006020660344239,0.025874558859733138
0.3507014028056112,0.06480469080510846,0.03872220684850739,0.025444732797001424
0.3607214428857715,0.06133305087476966,0.037398341712381204,0.025021467971771787
0.37074148296593185,0.05779492826080364,0.036091867746275784,0.024604786316255987
0.3807615230460922,0.05420726067632799,0.03480559146824628,0.024194681820366055
0.3907815631262525,0.050586345326912724,0.0335419121580911,0.023791126773391746
0.4008016032064128,0.046947807395251895,0.03230286110533009,0.0233940766921446
0.4108216432865731,0.0433065726706909,0.031090137583776663,0.023003474210729943
0.42084168336673344,0.039676844225785136,0.02990514180604778,0.022619252149488393
0.4308617234468938,0.036072083031231376,0.028749005092625603,0.022241335935093233
0.4408817635270541,0.03250499239063232,0.02762261747269782,0.021869645507774912
0.45090180360721444,0.028987506067616457,0.026526652917865483,0.02150409682316964
0.4609218436873747,0.025530779969828176,0.02546159239482849,0.021144603033777885
0.47094188376753504,0.02214518724721396,0.0244277449092606,0.020791075417220743
0.48096192384769537,0.018840316655839937,0.023425266700190295,0.020443424104411637
0.4909819639278557,0.015624974033163819,0.022454178732240315,0.020101558649636177
0.501002004008016,0.012507186726229526,0.021514382621982908,0.01976538847573848
0.5110220440881763,0.009494210810628553,0.020605675124376954,0.019434823220658745
0.5210420841683366,0.006592540935253166,0.019727761295710577,0.019109773006069815
0.531062124248497,0.0038079226258228437,0.018880266440626667,0.018790148644514375
0.5410821643286573,0.0011453668788680206,0.018062746942607538,0.018475861798008475
0.5511022044088176,-0.0013908331227282175,0.01727470006969512,0.01816682509836052
0.561122244488978,-0.003797083341431647,0.016515572840179904,0.017862952237307397
0.5711422845691383,-0.006070468432058014,0.015784770026466888,0.01756415803287139
0.5811623246492986,-0.008208729670771329,0.015081661369282639,0.017270358476999263
0.5911823647294588,-0.010210241430841281,0.01440558806878946,0.016981470768483737
0.6012024048096192,-0.012073986367445234,0.013755868613989647,0.016697413334328424
0.6112224448897795,-0.013799529470816188,0.013131804007003919,0.01641810584205429
0.6212424849699398,-0.015386991143587922,0.012532682434366529,0.01614346920492104
0.6312625250501002,-0.016837019454302878,0.01195778343336942,0.015873425581622524
0.6412825651302605,-0.018150761714767795,0.011406381597685037,0.015607898371687412
0.6513026052104208,-0.0193298355243012,0.010877749862979699,0.015346812207557351
0.6613226452905812,-0.02037629941895023,0.010371162409976646,0.015090092944110076
0.6713426853707415,-0.021292623258498664,0.009885897219420313,0.014837667646232924
0.6813627254509018,-0.022081658478577574,0.009421238310613343,0.014589464574924344
0.6913827655310621,-0.022746608329457425,0.008976477692628762,0.01434541317229979
0.7014028056112224,-0.023290998217180243,0.008550917054926603,0.014105444045798398
0.7114228456913827,-0.023718646256614292,0.008143869221911827,0.013869488951823735
0.721442885771543,-0.024033634139811764,0.007754659393946446,0.013637480779001886
0.7314629258517034,-0.02424027841675385,0.00738262619546024,0.01340935353120072
0.7414829659318637,-0.02434310227920538,0.007027122549080178,0.013185042310422971
0.751503006012024,-0.024346807932000957,0.006687516393107986,0.012964483299661184
0.7615230460921844,-0.024256249629672367,0.006363191258208154,0.012747613745783025
0.7715430861723447,-0.024076407449929622,0.006053546717816359,0.012534371942500164
0.781563126252505,-0.023812361869147803,0.005757998725531577,0.01232469721346182
0.7915831663326653,-0.023469269198712492,0.0054759798516067475,0.012118529895504358
0.8016032064128256,-0.023052337934859276,0.005206939429595334,0.011915811322080933
0.8116232464929859,-0.022566806068527453,0.004950343623237258,0.011716483806889128
0.8216432865731462,-0.02201791939575341,0.0047056754227717355,0.011520490627709852
0.8316633266533066,-0.021410910863272088,0.004472434579040301,0.011327776010467052
0.8416833667334669,-0.02075098097829179,0.004250137482985463,0.011138285113514968
0.8517034068136272,-0.020043279305872942,0.004038316997453835,0.010951964012157275
0.8617234468937875,-0.019292887071987282,0.003836522247572936,0.010768759683400716
0.8717434869739479,-0.01850480088517375,0.0036443183753831995,0.01058861999094445
0.8817635270541082,-0.01768391758475047,0.0034612862638677497,0.0104114936704052
0.8917835671342685,-0.016835020218797556,0.0032870222350279243,0.010237330314777466
0.9018036072144289,-0.01596276515060241,0.0031211377261993398,0.010066080360127403
0.9118236472945891,-0.015071670287962389,0.002963258948387953,0.009897695071518463
0.9218436873747494,-0.014166104425676035,0.0028130265300253363,0.009732126529166479
0.9318637274549098,-0.013250277687727897,0.0026700951491946383,0.009569327614821639
0.9418837675350701,-0.012328233052084468,0.00253413315706044,0.009409251998374535
0.9519038076152304,-0.011403838937675145,0.002404822194945188,0.00925185412468329
0.9619238476953907,-0.010480782830030531,0.0022818568072295593,0.009097089200618734
0.9719438877755511,-0.009562565919192374,0.002164944052012004,0.008944913182324415
0.9819639278557114,-0.00865249872089401,0.0020538031112421,0.008795282762688294
0.9919839679358717,-0.007753697649635055,0.0019481649018415093,0.008648155359022837
1.002004008016032,-0.006869082510136608,0.0018477716891434804,0.0085034891009503
1.0120240480961924,-0.006001374871761033,0.0017523767038157864,0.008361242818489923
1.0220440881763526,-0.005153097288807678,0.001661743763281194,0.008221376030343874
1.032064128256513,-0.004326573328148788,0.0015756468985128082,0.00808384893237864
1.0420841683366733,-0.003523928364443672,0.0014938699869579048,0.007948622386298804
1.0521042084168337,-0.0027470911021550666,0.0014162063922317438,0.007815657908509943
1.062124248496994,-0.001997795782787096,0.0013424586111219449,0.007684917659167663
1.0721442885771542,-0.0012775850351577985,0.001272437928352644,0.007556364431409609
1.0821643286573146,-0.0005878133261071967,0.0012059640794757508,0.007429961640767468
1.0921843687374748,7.034903118613687e-05,0.0011428649221828493,0.007305673314755999
1.1022044088176353,0.0006959113541585284,0.0010829761162651954,0.007183464082636093
1.1122244488977955,0.0012880575958453444,0.0010261408123902074,0.007063299165349049
1.122244488977956,0.0018461409203807428,0.0009722093498100339,0.006945144365619139
1.1322645290581161,0.0023696778910700742,0.0009210389630709266,0.0068289660582217275
1.1422845691382766,0.002858342312523953,0.0008724934977504231,0.006714731180414118
1.1523046092184368,0.003311958767641184,0.0008264431352126168,0.006602407222526472
1.1623246492985972,0.0037304958894042854,0.0007827641263392995,0.006491962218710087
1.1723446893787575,0.004114059406512377,0.0007413385341664016,0.006383364737840435
1.1823647294589177,0.004462885000833879,0.0007020539853302847,0.006276583874572334
1.1923847695390781,0.004777331013522615,0.0006648034302069888,0.00617158924054477
1.2024048096192383,0.0050578710354161095,0.0006294849116089825,0.006068350955732821
1.2124248496993988,0.005305086416032642,0.0005960013418881003,0.005966839639944232
1.222444889779559,0.00551965872411226,0.0005642602882800244,0.005867026404458256
1.2324649298597194,0.005702362191216275,0.0005341737663143866,0.00576888284380431
1.2424849699398797,0.005854056168417062,0.0005056580411054128,0.005672381027678216
1.25250501002004,0.005975677624584419,0.0004786334363305468,0.005577493492993614
1.2625250501002003,0.006068233713213649,0.00045302415069868384,0.005484193236066344
1.2725450901803608,0.006132794433152362,0.00042875808170519546,0.005392453704929604
1.282565130260521,0.006170485406974411,0.0004057666564678246,0.005302248791777612
1.2925851703406812,0.006182480799128441,0.00038398466943550803,0.00521355282553569
1.3026052104208417,0.0061699963943614424,0.00036335012676120545,0.005126340564554636
1.3126252505010019,0.006134282855291395,0.0003438040971297323,0.005040587189427308
1.3226452905811623,0.006076619176383814,0.00032529056883225566,0.004956268295925351
1.3326653306613225,0.005998306349980466,0.0003077563128805475,0.004873359888054105
1.342685370741483,0.0059006612584404355,0.0002911507519560489,0.0047918383712236634
1.3527054108216432,0.005785010804889475,0.00027542583499134136,0.004711680545534199
1.3627254509018036,0.005652686293537605,0.0002605359171845818,0.004632863599173565
1.3727454909819639,0.0055050180690223134,0.0002464376452508552,0.004555365101925401
1.3827655310621243,0.005343330422769133,0.00023308984771805582,0.004479162998785769
1.3927855711422845,0.005168936772937115,0.00022045343007892656,0.004404235603686634
1.4028056112224447,0.004983135123136799,0.00020849127461506912,0.004330561593324292
1.4128256513026052,0.004787203803776373,0.00019716814471314292,0.0042581200010910515
1.4228456913827654,0.004582397498610086,0.00018645059349801566,0.004186890211108434
1.4328657314629258,0.004369943557834408,0.0001763068766122882,0.004116851952360172
1.442885771543086,0.004151038597904285,0.00016670686897636008,0.004047985292923364
1.4529058116232465,0.003926845387125046,0.0001576219853680025,0.0039802706342961175
1.4629258517034067,0.0036984900150180177,0.00014902510466523823,0.003913688705820093
1.4729458917835672,0.003467059342459278,0.00014089049760116328,0.0038482205591963297
1.4829659318637274,0.0032335987286537067,0.0001331937578841933,0.003783847563092835
1.4929859719438878,0.002999110030129899,0.000125911736542,0.00372055139784235
1.503006012024048,0.002764549866127103,0.00011902247935219167,0.0036583140502288373
1.5130260521042083,0.0025308281439920624,0.00011250516722748755,0.0035971178083611588
1.5230460921843687,0.0022988068375128286,0.00010634005942778843,0.0035369452566325157
1.533066132264529,0.0020692990104861906,0.00010050843947611635,0.003477779270764217
1.5430861723446894,0.0018430680772463634,9.49925636598848e-05,0.0034196030129323377
1.5531062124248496,0.001620827291373238,8.977561200336063e-05,0.003362399926975906
1.56312625250501,0.0014032394533478503,8.484164160147903e-05,0.003306153733685248
1.5731462925851702,0.001190916827530525,8.017554220938471e-05,0.003250848426169156
1.5831663326653307,0.0009844212585006468,7.576299398615861e-05,0.003196468265299539
1.593186372745491,0.0007842644765161856,7.159042729519517e-05,0.003142997775232288
1.6032064128256511,0.0005909085816231858,6.764498446756909e-05,0.0030904217390030652
1.6132264529058116,0.00040476669576949115,6.391448343850712e-05,0.003038725194196762
1.6232464929859718,0.00022620377215056114,6.03873831707396e-05,0.0029878934286894088
1.6332665330661322,5.553755093678705e-05,5.7052750782056284e-05,0.0029379119764612965
1.6432865731462925,-0.00010696034950088813,5.390023029782682e-05,0.0028887666134801604
1.653306613226453,-0.00026106321673939213,5.092001295256984e-05,0.0028404433536532003
1.6633266533066131,-0.0004065879146457279,4.810280896787423e-05,0.002792928444846849
1.6733466933867736,-0.0005433934506412401,4.543982073707237e-05,0.0027462083649730904
1.6833667334669338,-0.000671379450487309,4.292271735007011e-05,0.0027002698181412673
1.6933867735470942,-0.0007904845510288259,4.054361039462239e-05,0.0026550997308742532
1.7034068136272544,-0.0009006847211360327,3.8295030973131075e-05,0.0026106852483879167
1.7134268537074147,-0.0010019915208598561,3.616990787672367e-05,0.0025670137309328346
1.723446893787575,-0.001094450308562638,3.416154686095314e-05,0.002524072750197185
1.7334669338677353,-0.0011781384055077448,3.226361096994328e-05,0.002481850085769828
1.7434869739478958,-0.0012531632270901113,3.0470101858191567e-05,0.0024403337216625403
1.753507014028056,-0.0013196603895676297,2.877534206153632e-05,0.0023995118428904367
1.7635270541082164,-0.0013777918008128138,2.7173958170997015e-05,0.0023593728321095785
1.7735470941883766,-0.001427743743247418,2.566086486531504e-05,0.0023199052663108503
1.783567134268537,-0.0014697249567520343,2.423124976004682e-05,0.002281097913569115
1.7935871743486973,-0.0015039647289599222,2.288055903301203e-05,0.0022429397298467765
1.8036072144288577,-0.0015307109999519858,2.160448378776217e-05,0.002205419855850787
1.813627254509018,-0.0015502284879694336,2.039894711852386e-05,0.002168527613942251
1.8236472945891782,-0.001562796842354436,1.9260091841782143e-05,0.0021322525050977105
1.8336673346693386,-0.0015687088295188772,1.8184268861310366e-05,0.00209658420592127
1.8436873747494988,-0.0015682685573287366,1.716802613501985e-05,0.0020615125657067026
1.8537074148296593,-0.0015617897428785899,1.6208098213504764e-05,0.0020270276035486917
1.8637274549098195,-0.0015495940282186855,1.530139632159405e-05,0.001993119505502413
1.87374749498998,-0.0015320093481876495,1.4444998955592545e-05,0.001959778621790612
1.8837675350701402,-0.0015093683540985537,1.3636142970207845e-05,0.0019269954640574174
1.8937875751503006,-0.001482006896626135,1.2872215130411178e-05,0.0018947607026680792
1.9038076152304608,-0.0014502625708497743,1.2150744104678718e-05,0.0018630651640538904
1.9138276553106213,-0.0014144733260215122,1.1469392877202928e-05,0.0018318998281015083
1.9238476953907815,-0.0013749761422520786,1.0825951557755165e-05,0.0018012558255859625
1.9338677354709417,-0.0013321057759415904,1.0218330568922217e-05,0.0017711244356465896
1.9438877755511021,-0.0012861935754262346,9.644554191433959e-06,0.001741497083305197
1.9539078156312624,-0.0012375663679686196,9.102754449247335e-06,0.0017123653370257478
1.9639278557114228,-0.0011865454188884174,8.591165316955578e-06,0.0016837209063148542
1.973947895791583,-0.0011334454633120225,8.108117232954853e-06,0.0016555556393624236
1.9839679358717435,-0.001078573810715797,7.65203190262142e-06,0.001627861520721763
1.9939879759519037,-0.0010222295221476612,7.221417376536166e-06,0.0016006306690284937
2.004008016032064,-0.0009647026597365184,6.814863389539502e-06,0.001573855334757623
2.0140280561122244,-0.0009062736078389413,6.431036947110572e-06,0.0015475278980181363
2.024048096192385,-0.0008472124649275942,6.068678146241836e-06,0.001521640866384484
2.034068136272545,-0.0007877785050965566,5.726596218624915e-06,0.0014961868727643385
2.0440881763527052,-0.000728219707844877,5.403665784577131e-06,0.0014711586733020165
2.0541082164328657,-0.0006687723546017082,5.098823306723071e-06,0.0014465491453169868
2.064128256513026,-0.0006096606902737928,4.811063733000864e-06,0.0014223512852768478
2.074148296593186,-0.0005510966479293991,4.539437319092455e-06,0.0013985582068042203
2.0841683366733466,-0.0004932796345813736,4.283046620880275e-06,0.0013751631387169756
2.094188376753507,-0.00043639637589599757,4.04104364801192e-06,0.0013521594231012577
2.1042084168336674,-0.00038062081753333993,3.8126271701090587e-06,0.0013295405134167273
2.1142284569138274,-0.00032611408071868907,3.5970401675905727e-06,0.0013072999726335092
2.124248496993988,-0.0002730244695529716,3.3935674194911517e-06,0.001285431471400299
2.1342685370741483,-0.0002214875274925618,3.201533221048079e-06,0.0012639287862431228
2.1442885771543083,-0.00017162614036506614,3.0202992242006514e-06,0.0012427857977942158
2.1543086172344688,-0.00012355068323720956,2.849262394500448e-06,0.0012219964890505387
2.164328657314629,-7.735920841336517e-05,2.6878530782663397e-06,0.0012015549436614212
2.1743486973947896,-3.313767181790418e-05,2.5355331741370618e-06,0.001181455344244849
2.1843687374749496,9.039804998752402e-06,2.3917944034776116e-06,0.0011616919707319187
2.19438877755511,4.91106399926562e-05,2.256156674383202e-06,0.0011422591987389806
2.2044088176352705,8.702346565096163e-05,2.1281665342982625e-06,0.0011231514979670235
2.214428857715431,0.0001227377766433377,2.007395706527238e-06,0.0011043634306278228
2.224448897795591,0.00015622355280624253,1.8934397061605932e-06,0.001085889649896424
2.2344689378757514,0.00018746086012857521,1.7859165311733513e-06,0.0010677248983895049
2.244488977955912,0.00021643943236112617,1.6844654246755944e-06,0.0010498640066692036
2.254509018036072,0.00024315823581833927,1.5887457045050154e-06,0.0010323018917719642
2.2645290581162323,0.0002676250198796716,1.4984356565518198e-06,0.001015033555761994
2.2745490981963927,0.00028985585562991604,1.413231488395962e-06,0.0009980540843089235
2.284569138276553,0.0003098746650039319,1.3328463400167263e-06,0.0009813586452892531
2.294589178356713,0.0003277127427216635,1.2570093485056717e-06,0.0009649424874111981
2.3046092184368736,0.0003434082732149526,1.1854647638757902e-06,0.0009488009388625359
2.314629258517034,0.00035700584465884696,1.1179711132136438e-06,0.0009329294059810747
2.3246492985971945,0.0003685559621275341,1.0543004105668264e-06,0.0009173233719473584
2.3346693386773545,0.00037811456179917834,9.942374100974326e-07,0.0009019783954992437
2.344689378757515,0.00038574252803536793,9.375789001632633e-07,0.0008868901096679751
2.3547094188376754,0.00039150521506010004,8.841330361127633e-07,0.0008720542205354103
2.3647294589178354,0.0003954719748607225,8.337187096974566e-07,0.0008574665060120276
2.374749498997996,0.00039771569282953044,7.861649531173611e-07,0.0008431228146353758
2.3847695390781563,0.0003983123325601819,7.413103758207542e-07,0.0008290190643886297
2.3947895791583167,0.00039734049110829573,6.990026322798453e-07,0.0008151512415389004
2.4048096192384767,0.0003948809659208063,6.590979190591364e-07,0.0008015153994949853
2.414829659318637,0.0003910163345344141,6.214604995832553e-07,0.0007881076576842182
2.4248496993987976,0.000385830548040081,5.859622550964486e-07,0.0007749242004481175
2.434869739478958,0.0003794085392083366,5.524822603867564e-07,0.0007619612759564984
2.444889779559118,0.0003718358460695854,5.209063829245846e-07,0.0007492151951397558
2.4549098196392785,0.00036319825164484555,4.911269041378938e-07,0.0007366823306390032
2.464929859719439,0.000353581440425809,4.630421616150568e-07,0.00072435911577378
2.474949899799599,0.0003430706721089488,4.365562110914934e-07,0.0007122420435270214
2.4849699398797593,0.0003317504729969461,4.1157850713789397e-07,0.0007003276655470097
2.49498997995992,0.00031970434539214726,3.880236015262714e-07,0.0006886125911660212
2.50501002004008,0.00030701449522126047,3.6581085830534464e-07,0.0006770934864353895
2.51503006012024,0.00029376157804833345,3.4486418466915917e-07,0.0006657670731767075
2.5250501002004007,0.000280024463554254,3.2511177675243066e-07,0.0006546301280489063
2.535070140280561,0.00026588001848584217,3.0648587953304357e-07,0.0006436794816309344
2.5450901803607215,0.0002514029080060489,2.8892256006655746e-07,0.0006329120175197849
2.5551102204408815,0.0002366654153090651,2.723614933196875e-07,0.0006223246714436106
2.565130260521042,0.0002217372793002275,2.567457599094929e-07,0.0006119144303896724
2.5751503006012024,0.00020668555008065712,2.4202165509276415e-07,0.0006016783317468807
2.5851703406813624,0.00019157446192051014,2.2813850838569517e-07,0.0005916134624626752
2.595190380761523,0.0001764653233526873,2.1504851322775807e-07,0.0005817169582140091
2.6052104208416833,0.00016141642397077946,2.0270656613561432e-07,0.0005719860025922051
2.6152304609218437,0.00014648295747089098,1.910701148231072e-07,0.0005624178263014426
2.6252505010020037,0.00013171696043686351,1.8009901479203671e-07,0.0005530097063706547
2.635270541082164,0.00011716726633213752,1.6975539392543768e-07,0.0005437589653786069
2.6452905811623246,0.00010287947412911806,1.6000352464071216e-07,0.0005346629706919424
2.655310621242485,8.889593097827784e-05,1.5080970318418453e-07,0.0005257191337159691
2.665330661322645,7.525572829436158e-05,1.421421356715696e-07,0.0005169249091579823
2.6753507014028055,6.199471061577777e-05,1.3397083050050806e-07,0.0005082777943029073
2.685370741482966,4.914549657554341e-05,1.2626749678185607e-07,0.0004997753283010645
2.695390781563126,3.673751130783373e-05,1.1900544845577949e-07,0.0004914150914678438
2.7054108216432864,2.479702960320638e-05,1.121595137770611e-07,0.0004831947045950941
2.715430861723447,1.3347229117784784e-05,1.057059498713885e-07,0.0004751118282740367
2.7254509018036073,2.4082529369335445e-06,9.962236208077181e-08,0.00046716416222949975
2.7354709418837673,-8.00271920780546e-06,9.388762783177076e-08,0.0004593494446652925
2.7454909819639277,-1.7871391768760752e-05,8.848182477488e-08,0.00045166545162052756
2.755511022044088,-2.7186266955731958e-05,8.338616295729157e-08,0.00044410999633671494
2.7655310621242486,-3.593855174355079e-05,7.858292080435941e-08,0.00043668092863543916
2.7755511022044086,-4.412205899545883e-05,7.405538469751047e-08,0.00042937613430644816
2.785571142284569,-5.1733103373413224e-05,6.978779194805327e-08,0.00042219353450597845
2.7955911823647295,-5.8770392693604794e-05,6.576527697742674e-08,0.0004151310851651453
2.8056112224448895,-6.523491537074549e-05,6.197382052490705e-08,0.0004081867764082271
2.81563126252505,-7.112982457818224e-05,5.84002017136946e-08,0.00040135863198068506
2.8256513026052104,-7.646031973278574e-05,5.5031952815664734e-08,0.0003946447086867467
2.835671342685371,-8.123352589398751e-05,5.185731656391523e-08,0.00038804309583639955
2.845691382765531,-8.545837164545246e-05,4.88652058706067e-08,0.00038155191470163523
2.8557114228456912,-8.914546600581454e-05,4.604516581549692e-08,0.0003751693179817886
2.8657314629258517,-9.230697489180764e-05,4.3387337778040626e-08,0.0003688934892778226
2.875751503006012,-9.495649763316143e-05,4.0882425592986294e-08,0.0003627226425754057
2.885771543086172,-9.710894401389001e-05,3.852166361607428e-08,0.00035665502173663684
2.8957915831663326,-9.878041228926252e-05,3.629678659274118e-08,0.00035068890000027183
2.905811623246493,-9.998806860190121e-05,3.420000122870082e-08,0.00034482257949031267
2.915831663326653,-0.00010075002819425078,3.222395936689228e-08,0.0003390543907328146
2.9258517034068134,-0.00010108523878820553,3.036173268060855e-08,0.0003333826921807758
2.935871743486974,-0.00010101336647609558,2.8606788797647457e-08,0.0003278058697469777
2.9458917835671343,-0.0001005546844406223,2.6952968775067737e-08,0.00032232233634463676
2.9559118236472943,-9.972996479479965e-05,2.539446584862275e-08,0.0003169305314357419
2.9659318637274548,-9.856037380660927e-05,2.3925805385181727e-08,0.000311628920586946
2.975951903807615,-9.706737074699056e-05,2.2541825970450946e-08,0.0003064159950328888
2.9859719438877756,-9.527261057406984e-05,2.1237661568085872e-08,0.00030129027124682205
2.9959919839679356,-9.319785064124669e-05,2.0008724689862786e-08,0.00029625029051841886
3.006012024048096,-9.086486159199278e-05,1.8850690519947477e-08,0.0002912946185386436
3.0160320641282565,-8.829534258004279e-05,1.7759481939487882e-08,0.0002864218449915691
3.0260521042084165,-8.551084093012505e-05,1.6731255400767112e-08,0.0002816305831530193
3.036072144288577,-8.253267633157115e-05,1.5762387602996022e-08,0.000276919469495926
3.0460921843687374,-7.938186963508708e-05,1.4849462924509689e-08,0.00027228716330228913
3.056112224448898,-7.6079076301731e-05,1.3989261568667693e-08,0.00026773234628162617
3.066132264529058,-7.264452453275545e-05,1.3178748383153331e-08,0.00026325372219580486
3.0761523046092183,-6.909795808947548e-05,1.2415062314626814e-08,0.00025885001649015194
3.0861723446893787,-6.545858379375506e-05,1.1695506462825857e-08,0.00025451997593073226
3.096192384769539,-6.174502368207117e-05,1.1017538700220442e-08,0.0002502623682476961
3.106212424849699,-5.7975271769469525e-05,1.0378762825234573e-08,0.0002460759817845908
3.1162324649298596,-5.416665536405032e-05,9.77692021884569e-09,0.0002419596251535421
3.12625250501002,-5.033580085796136e-05,9.209881976069936e-09,0.0002379121268962002
3.13627254509018,-4.6498603907204796e-05,8.67564148544319e-09,0.00023393233515035932
3.1462925851703405,-4.2670203899919975e-05,8.172307431123176e-09,0.00023001911732215281
3.156312625250501,-3.886496260115622e-05,7.698097193665524e-09,0.00022617135976373394
3.1663326653306614,-3.509644685151356e-05,7.251330626874952e-09,0.00022238796745634604
3.1763527054108214,-3.137741518738635e-05,6.830424189407932e-09,0.00021866786369869587
3.186372745490982,-2.7719808241886884e-05,6.433885411003783e-09,0.00021500998980053824
3.1963927855711423,-2.413474277784225e-05,6.060307674356794e-09,0.0002114133047813887
3.2064128256513023,-2.0632509197515443e-05,5.7083652947130374e-09,0.00020787678507427424
3.2164328657314627,-1.7222572367902384e-05,5.3768088802868345e-09,0.00020439942423443975
3.226452905811623,-1.391357559556071e-05,5.064460957546308e-09,0.0002009802326529286
3.2364729458917836,-1.0713347580905024e-05,4.7702118463185206e-09,0.00019761823727495307
3.2464929859719436,-7.628912178750689e-06,4.493015770515191e-09,0.00019431248132297663
3.256513026052104,-4.666500789548006e-06,4.2318871910822195e-09,0.00019106202402442753
3.2665330661322645,-1.8315672042079879e-06,3.985897348534755e-09,0.00018786594034396904
3.276553106212425,8.711952753622908e-07,3.754171003153476e-09,0.0001847233207202463
3.286573146292585,3.4378346179524187e-06,3.5358833615932327e-09,0.0001816332708070382
3.2965931863727453,5.865118924274921e-06,3.330257179291949e-09,0.00017859491121873796
3.306613226452906,8.15051354373909e-06,3.1365600286687278e-09,0.0001756073772800932
3.316633266533066,1.0292156620887325e-05,2.954101723666842e-09,0.00017266981878013071
3.3266533066132262,1.2288833243119927e-05,2.782231891733255e-09,0.00016978139973019776
3.3366733466933867,1.4139948358310022e-05,2.6203376848309714e-09,0.00016694129812605215
3.346693386773547,1.5845498627385426e-05,2.4678416215569316e-09,0.00016414870571393046
3.356713426853707,1.7406043372957246e-05,2.324199552888506e-09,0.00016140282776053036
3.3667334669338675,1.8822674780658396e-05,2.1888987445054546e-09,0.0001587028828268405
3.376753507014028,2.009698750504769e-05,2.0614560690349086e-09,0.0001560481025457537
3.3867735470941884,2.1231047826776e-05,1.941416301944699e-09,0.00015343773140340047
3.3967935871743484,2.2227362502240627e-05,1.8283505151667879e-09,0.00015087102652413942
3.406813627254509,2.3088847441205022e-05,1.7218545628689437e-09,0.00014834725745914632
3.4168336673346693,2.381879634187051e-05,1.621547654110081e-09,0.00014586570597853742
3.4268537074148293,2.4420849406692403e-05,1.5270710074141002e-09,0.00014342566586697173
3.4368737474949898,2.489896225586424e-05,1.4380865825794877e-09,0.00014102644272267112
3.44689378757515,2.525737514888495e-05,1.354275885308408e-09,0.0001386673537598042
3.4569138276553106,2.5500582618014197e-05,1.275338840490399e-09,0.00013634772761417406
3.4669338677354706,2.563330361072583e-05,1.2009927302129533e-09,0.00013406690415215775
3.476953907815631,2.5660452231535814e-05,1.1309711927948665e-09,0.00013182423428284077
3.4869739478957915,2.558710916682485e-05,1.0650232793495079e-09,0.00012961907977329543
3.496993987975952,2.541849386952839e-05,1.0029125645839552e-09,0.00012745081306694822
3.507014028056112,2.5159937573855942e-05,9.444163087278908e-10,0.00012531881710498596
3.5170340681362724,2.481685720354682e-05,8.893246676632759e-10,0.00012322248515074895
3.527054108216433,2.4394730230598012e-05,8.374399484928832e-10,0.00012116122061706277
3.537074148296593,2.3899070534929357e-05,7.885759079432624e-10,0.0001191344368964575
3.5470941883767533,2.3335405309106172e-05,7.425570911465403e-10,0.00011714155719422688
3.5571142284569137,2.2709253046031742e-05,6.992182084855541e-10,0.00011518201436428126
3.567134268537074,2.2026102641477683e-05,6.584035483189904e-10,0.00011325525074774516
3.577154308617234,2.1291393637444312e-05,6.199664235280877e-10,0.0001113607180142554
3.5871743486973946,2.0510497626659672e-05,5.837686499439352e-10,0.00010949787700591354
3.597194388777555,1.9688700833041145e-05,5.496800548254176e-10,0.00010766619758384949
3.6072144288577155,1.8831187877670398e-05,5.175780136624523e-10,0.00010586515847735094
3.6172344689378755,1.794302673478329e-05,4.873470136778586e-10,0.00010409424713551707
3.627254509018036,1.7029154877455718e-05,4.588782424941926e-10,0.00010235295958139325
3.6372745490981964,1.6094366608086278e-05,4.320692005197441e-10,0.0001006408002685468
3.6472945891783564,1.5143301564436519e-05,4.0682333569052233e-10,9.895728194004077e-05
3.657314629258517,1.4180434387903399e-05,3.8304969928316243e-10,9.730192548976754e-05
3.6673346693386772,1.3210065536860089e-05,3.606626215873015e-10,9.567425982610182e-05
3.6773547094188377,1.223631322432033e-05,3.39581406295289e-10,9.407382173783453e-05
3.6873747494989977,1.1263106455855511e-05,3.1973004253258613e-10,9.250015576234894e-05
3.697394789579158,1.0294179140624506e-05,3.010369335139091e-10,9.095281405600276e-05
3.7074148296593186,9.333065245562886e-06,2.8343464086834506e-10,8.943135626667776e-05
3.717434869739479,8.383094960217567e-06,2.6685964373150014e-10,8.793534940846163e-05
3.727454909819639,7.447391837405605e-06,2.5125211175452796e-10,8.646436773842629e-05
3.7374749498997994,6.528870872814416e-06,2.365556912286045e-10,8.501799263546698e-05
3.74749498997996,5.630237484845495e-06,2.2271730356942845e-10,8.359581248116893e-05
3.75751503006012,4.7539873544237005e-06,2.0968695544967827e-10,8.219742254266625e-05
3.7675350701402803,3.902407083151149e-06,1.9741755990823505e-10,8.082242485746023e-05
3.7775551102204408,3.077575627066732e-06,1.8586476780352442e-10,7.94704281201652e-05
3.787575150300601,2.2813664623729727e-06,1.7498680901466588e-10,7.814104757114811e-05
3.797595190380761,1.5154504388088122e-06,1.64744342828378e-10,7.683390488703138e-05
3.8076152304609217,7.81299275865342e-07,1.5510031698188403e-10,7.554862807302702e-05
3.817635270541082,8.018965675875961e-08,1.4601983486251267e-10,7.428485135707243e-05
3.8276553106212425,-5.867921250208261e-07,1.3747003039339267e-10,7.304221508573642e-05
3.8376753507014025,-1.2187450116819219e-06,1.294199501617056e-10,7.182036562186702e-05
3.847695390781563,-1.814947564468943e-06,1.218404423714581e-10,7.061895524395088e-05
3.8577154308617234,-2.374851928791955e-06,1.1470405222681343e-10,6.943764204715693e-05
3.8677354709418834,-2.898077425011672e-06,1.0798492337465153e-10,6.827608984603478e-05
3.877755511022044,-3.3844038080334608e-06,1.0165870505643558e-10,6.713396807884085e-05
3.8877755511022043,-3.833764238024406e-06,9.570246463959106e-11,6.601095171346532e-05
3.8977955911823647,-4.246238003606139e-06,9.009460521758426e-11,6.490672115493233e-05
3.9078156312625247,-4.622043037800501e-06,8.481478798581084e-11,6.382096215444766e-05
3.917835671342685,-4.961528265828005e-06,7.984385911725695e-11,6.275336571996778e-05
3.9278557114228456,-5.2651658225884125e-06,7.516378087781013e-11,6.170362802826516e-05
3.937875751503006,-5.533543176297851e-06,7.07575667360856e-11,6.0671450338464256e-05
3.947895791583166,-5.767355193328217e-06,6.660922023676424e-11,5.965653890702395e-05
3.9579158316633265,-5.967396177800354e-06,6.270367741975631e-11,5.865860490414225e-05
3.967935871743487,-6.134551917931795e-06,5.90267525800591e-11,5.7677364331559276e-05
3.977955911823647,-6.269791769542432e-06,5.5565087175007703e-11,5.671253794173533e-05
3.9879759519038074,-6.374160805483982e-06,5.2306101696770067e-11,5.576385115838067e-05
3.997995991983968,-6.44877205809164e-06,4.923795033844773e-11,5.4831033998315255e-05
4.008016032064128,-6.494798880065994e-06,4.634947829204966e-11,5.3913820994635025e-05
4.018036072144288,-6.513467447487193e-06,4.3630181525942594e-11,5.3011951121163556e-05
4.028056112224449,-6.506049426950424e-06,4.107016889818016e-11,5.212516771816792e-05
4.038076152304609,-6.473854827096891e-06,3.866012647040571e-11,5.125321841931669e-05
4.04809619238477,-6.418225053106738e-06,3.639128389483951e-11,5.039585507985992e-05
4.05811623246493,-6.340526181023488e-06,3.425538275422363e-11,4.955283370601067e-05
4.06813627254509,-6.242142467101935e-06,3.2244646741543673e-11,4.872391438550776e-05
4.07815631262525,-6.124470105716714e-06,3.0351753572882203e-11,4.790886121933975e-05
4.0881763527054105,-5.98891124774368e-06,2.85698085329282e-11,4.710744225461181e-05
4.098196392785571,-5.8368682897341264e-06,2.6892319558471357e-11,4.631942941853479e-05
4.108216432865731,-5.669738442649004e-06,2.5313173770688817e-11,4.554459845351894e-05
4.118236472945892,-5.488908587409119e-06,2.382661537218636e-11,4.4782728853353315e-05
4.128256513026052,-5.295750423052601e-06,2.242722482962157e-11,4.403360380045269e-05
4.138276553106213,-5.091615911875921e-06,2.1109899267314235e-11,4.329701010415431e-05
4.148296593186372,-4.877833024571868e-06,1.9869834001566534e-11,4.2572738140046846e-05
4.158316633266533,-4.6557017870708424e-06,1.8702505149484263e-11,4.1860581790313844e-05
4.168336673346693,-4.426490629542235e-06,1.760365324992373e-11,4.116033838507589e-05
4.1783567134268536,-4.191433036822273e-06,1.6569267837796074e-11,4.04718086447133e-05
4.188376753507014,-3.951724498406264e-06,1.5595572916370538e-11,3.979479662315391e-05
4.198396793587174,-3.7085197550769287e-06,1.4679013275419847e-11,3.912910965210955e-05
4.208416833667335,-3.462930338238089e-06,1.3816241606073618e-11,3.847455828624529e-05
4.218436873747494,-3.216022397084938e-06,1.300410636609393e-11,3.7830956249265984e-05
4.228456913827655,-2.9688148078690265e-06,1.2239640351967294e-11,3.7198120380904415e-05
4.238476953907815,-2.7222775587081567e-06,1.1520049936736858e-11,3.657587058479664e-05
4.248496993987976,-2.4773304026480056e-06,1.0842704934877897e-11,3.596402977722891e-05
4.258517034068136,-2.2348417710043133e-06,1.0205129057765194e-11,3.536242383674212e-05
4.268537074148297,-1.9956279384000447e-06,9.604990925392996e-12,3.477088155457928e-05
4.278557114228457,-1.7604524303609715e-06,9.04009560200163e-12,3.418923458596171e-05
4.288577154308617,-1.5300256638447743e-06,8.508376625139852e-12,3.3617317402180677e-05
4.298597194388777,-1.305004810651115e-06,8.007888499460511e-12,3.3054967243489986e-05
4.3086172344689375,-1.0859938732932667e-06,7.53679962821302e-12,3.250202407278694e-05
4.318637274549098,-8.735439626016784e-07,7.093385656964514e-12,3.195833053006794e-05
4.328657314629258,-6.681537660783285e-07,6.676023205560322e-12,3.1423731887645995e-05
4.338677354709419,-4.702701958223972e-07,6.283183965727592e-12,3.089807600611734e-05
4.348697394789579,-2.802892047032092e-07,5.913429143037111e-12,3.0381213291064707e-05
4.35871743486974,-9.855675936243959e-08,5.565404223175279e-12,2.9872996650484755e-05
4.368737474949899,7.463004141759153e-08,5.2378340436420285e-12,2.9373281452927816e-05
4.37875751503006,2.390217144414704e-07,4.929518153088195e-12,2.8881925486337543e-05
4.38877755511022,3.9441501734022564e-07,4.639326441538946e-12,2.8398788917579642e-05
4.398797595190381,5.406514626519357e-07,4.36619502572324e-12,2.7923734252647077e-05
4.408817635270541,6.776157319452109e-07,4.1091223746469675e-12,2.7456626297531234e-05
4.4188376753507015,8.052340010235919e-07,3.867165661411034e-12,2.6997332119747542e-05
4.428857715430862,9.234721870502808e-07,3.639437328089431e-12,2.654572101050476e-05
4.4388777555110215,1.0323341282019134e-06,3.42510185124945e-12,2.610166444750707e-05
4.448897795591182,1.1318597061997567e-06,3.2233726964178222e-12,2.5665036058378233e-05
4.458917835671342,1.2221229217790494e-06,3.033509450477402e-12,2.523571158469803e-05
4.468937875751503,1.3032299328450535e-06,2.8548151216193897e-12,2.4813568846639848e-05
4.478957915831663,1.3753170647295747e-06,2.686633597079928e-12,2.4398487708200007e-05
4.488977955911824,1.438548801607211e-06,2.5283472494586384e-12,2.399035004300876e-05
4.498997995991984,1.4931157677584128e-06,2.37937468295192e-12,2.3589039700713085e-05
4.509018036072144,1.5392327069789188e-06,2.2391686113386417e-12,2.319444247392199e-05
4.519038076152304,1.5771364680347292e-06,2.1072138600306596e-12,2.2806446065704534e-05
4.529058116232465,1.6070840036502226e-06,1.9830254849488778e-12,2.2424940057631805e-05
4.539078156312625,1.6293503900972644e-06,1.8661470014061557e-12,2.2049815878353283e-05
4.5490981963927855,1.6442268740260335e-06,1.7561487165764565e-12,2.1680966772698937e-05
4.559118236472946,1.652018952747078e-06,1.6526261595029881e-12,2.1318287771298203e-05
4.569138276553106,1.6530444937397503e-06,1.5551986029506939e-12,2.0961675660707076e-05
4.579158316633267,1.6476318987269468e-06,1.4635076717400608e-12,2.0611028954035085e-05
4.589178356713426,1.6361183172215361e-06,1.3772160325119577e-12,2.026624786206349e-05
4.599198396793587,1.618847914017821e-06,1.2960061601673085e-12,1.9927234264846563e-05
4.609218436873747,1.5961701946730947e-06,1.2195791765028705e-12,1.959389168378814e-05
4.619238476953908,1.5684383926016537e-06,1.1476537568252734e-12,1.926612525418505e-05
4.629258517034068,1.5360079209875783e-06,1.0799651005715962e-12,1.8943841698229955e-05
4.6392785571142285,1.499234892314667e-06,1.0162639621961775e-12,1.8626949298465778e-05
4.649298597194389,1.4584747079130934e-06,9.56315738801669e-13,1.8315357871684164e-05
4.6593186372745485,1.4140807195340231e-06,8.998996111976281e-13,1.800897874326063e-05
4.669338677354709,1.3664029645862026e-06,8.468077352634988e-13,1.7707724721918848e-05
4.679358717434869,1.3157869763037633e-06,7.968444806750702e-13,1.741151007491741e-05
4.68937875751503,1.2625726697624032e-06,7.498257142250356e-13,1.712025050365134e-05
4.69939879759519,1.2070933043231307e-06,7.055781251299323e-13,1.683386311966191e-05
4.709418837675351,1.1496745227588817e-06,6.639385898679836e-13,1.6552266421047723e-05
4.719438877755511,1.0906334670104703e-06,6.247535742356362e-13,1.627538026927039e-05
4.729458917835671,1.0302779702248947e-06,5.878785704455871e-13,1.6003125866348254e-05
4.739478957915831,9.689058244511832e-07,5.531775672162527e-13,1.573542573243143e-05
4.749498997995992,9.068041231074799e-07,5.205225509223651e-13,1.5472203683752302e-05
4.759519038076152,8.442486770874283e-07,4.897930359889825e-13,1.5213384810944533e-05
4.7695390781563125,7.815035031451837e-07,4.608756228175704e-13,1.4958895457724995e-05
4.779559118236473,7.188203829857549e-07,4.336635816326399e-13,1.4708663199932052e-05
4.789579158316633,6.564384912915127e-07,4.0805646073161857e-13,1.4462616824914845e-05
4.799599198396794,5.94584090736195e-07,3.8395971770933005e-13,1.4220686311266947e-05
4.809619238476953,5.334702918745876e-07,3.6128437231188985e-13,1.3982802808899456e-05
4.819639278557114,4.732968756491062e-07,3.3994667965347557e-13,1.3748898619446917e-05
4.829659318637274,4.1425017612351514e-07,3.1986782260347277e-13,1.351890717700165e-05
4.839679358717435,3.565030209385858e-07,3.0097362222118013e-13,1.3292763029169709e-05
4.849699398797595,3.002147268845942e-07,2.831942651809257e-13,1.3070401818444246e-05
4.859719438877756,2.455311479004807e-07,2.6646404719227225e-13,1.2851760263890077e-05
4.869739478957916,1.9258477273904344e-07,2.507211314781692e-13,1.2636776143134973e-05
4.879759519038076,1.4149486948123694e-07,2.3590732142874724e-13,1.2425388274661882e-05
4.889779559118236,9.236767403993944e-08,2.2196784660002528e-13,1.2217536500397583e-05
4.8997995991983965,4.529661976410343e-08,2.088511612754682e-13,1.2013161668592513e-05
4.909819639278557,3.626052371711652e-10,1.9650875485398835e-13,1.1812205616987056e-05
4.919839679358717,-4.236570264109043e-08,1.848949733711752e-13,1.1614611156259226e-05
4.929859719438878,-8.283153319361839e-08,1.7396685150103907e-13,1.1420322053749545e-05
4.939879759519038,-1.2098964701267174e-07,1.6368395442378908e-13,1.122928301745783e-05
4.949899799599198,-1.5680594437293438e-07,1.540082289811137e-13,1.1041439680308024e-05
4.959919839679358,-1.9025704983252753e-07,1.449038635743203e-13,1.085673858467593e-05
4.969939879759519,-2.2132987579668476e-07,1.3633715629256593e-13,1.0675127167175965e-05
4.979959919839679,-2.500211677640085e-07,1.2827639078843138e-13,1.0496553743702412e-05
4.98997995991984,-2.7633703391224547e-07,1.2069171944637414e-13,1.0320967494720692e-05
5.0,-3.0029246161063413e-07,1.1355505341620483e-13,1.0148318450804983e-05
